{
    "name":[0.067732,0.42781,0.995731,0.738336,0.981083,0.526171,0.378887,0.033859,0.132791,0.138306,0.247809,0.64827,0.731209,0.236833,0.969788,0.607492,0.358622,0.147846,0.63782,0.230372,0.070237,0.067154,0.925577,0.717733,0.015371,0.33507,0.040486,0.212575,0.617218,0.541196,0.045353,0.126762,0.556486,0.901144,0.958476,0.274561,0.394396,0.87248,0.409932,0.908969,0.166819,0.665016,0.263727,0.231214,0.552928,0.047744,0.365746,0.495002,0.493466,0.792101,0.76966,0.251821,0.181951,0.808177,0.334116,0.33863,0.452584,0.69477,0.590902,0.307928,0.148364,0.70218,0.721544,0.666886,0.124931,0.618286,0.381086,0.385643,0.777175,0.116089,0.115487,0.66351,0.254884,0.993888,0.295434,0.952523,0.307047,0.277261,0.279101,0.175724,0.156383,0.733165,0.848142,0.771184,0.429492,0.162176,0.917064,0.315044,0.201473,0.297038,0.336647,0.666109,0.583888,0.085031,0.687006,0.949655,0.189912,0.844027,0.333288,0.427035,0.466369,0.550659,0.278213,0.918769,0.886555,0.569488,0.066379,0.335751,0.426863,0.395746,0.694221,0.27276,0.503495,0.067119,0.038326,0.599122,0.947054,0.671279,0.434811,0.509381,0.749442,0.058014,0.482978,0.466776,0.357767,0.949123,0.41732,0.920461,0.156433,0.656662,0.616418,0.853428,0.133295,0.693007,0.178449,0.199526,0.073224,0.286515,0.182026,0.621523,0.344584,0.398556,0.480369,0.15335,0.171846,0.867082,0.223855,0.528301,0.890192,0.106352,0.917886,0.014855,0.567682,0.068854,0.603535,0.53205,0.651362,0.901225,0.204337,0.696081,0.963924,0.98139,0.987911,0.990947,0.736021,0.253574,0.674722,0.939368,0.235419,0.110521,0.218023,0.869778,0.19683,0.958178,0.972673,0.745797,0.445674,0.470557,0.549236,0.335691,0.884739,0.918916,0.441815,0.116598,0.359274,0.814811,0.387125,0.982243,0.78088,0.652565,0.87003,0.604755,0.255212,0.730546,0.493829,0.257017,0.833735,0.070095,0.52707,0.116163],
    "toy":[3.176513,3.816464,4.550095,4.256571,4.560815,3.929515,3.52617,3.156393,3.110301,3.149813,3.476346,4.119688,4.282233,3.486582,4.655492,3.965162,3.5149,3.125947,4.094115,3.476039,3.21061,3.190612,4.631504,4.29589,3.085028,3.44808,3.16744,3.364266,3.993482,3.891471,3.143259,3.114204,3.851484,4.621899,4.580768,3.620992,3.580501,4.618706,3.676867,4.641845,3.175939,4.26498,3.558448,3.436632,3.831052,3.182853,3.498906,3.946833,3.900583,4.238522,4.23308,3.521557,3.203344,4.278105,3.555705,3.502661,3.859776,4.275956,3.916191,3.587961,3.183004,4.225236,4.231083,4.240544,3.222372,4.021445,3.567479,3.56258,4.262059,3.208813,3.169825,4.193949,3.491678,4.533306,3.550108,4.636427,3.557078,3.552874,3.494159,3.206828,3.195266,4.221292,4.413372,4.184347,3.742878,3.201878,4.648964,3.510117,3.274434,3.579622,3.489244,4.237386,3.913749,3.22899,4.286286,4.628614,3.239536,4.457997,3.513384,3.729674,3.834274,3.811155,3.598316,4.692514,4.604859,3.864912,3.184236,3.500796,3.743365,3.622905,4.310796,3.583357,3.901852,3.233521,3.105266,3.865544,4.628625,4.231213,3.791149,3.968271,4.25391,3.19471,3.996503,3.904358,3.503976,4.557545,3.699876,4.613614,3.140401,4.206717,3.969524,4.476096,3.136528,4.279071,3.200603,3.299012,3.209873,3.632942,3.248361,3.995783,3.563262,3.649712,3.951845,3.145031,3.181577,4.637087,3.404964,3.873188,4.633648,3.154768,4.623637,3.078132,3.913596,3.221817,3.938071,3.880822,4.176436,4.648161,3.332312,4.240614,4.532224,4.557105,4.610072,4.636569,4.229813,3.50086,4.245514,4.605182,3.45434,3.180775,3.38082,4.56502,3.279973,4.554241,4.63352,4.281037,3.844426,3.891601,3.849728,3.492215,4.592374,4.632025,3.75675,3.133555,3.567919,4.363382,3.560165,4.564305,4.215055,4.174999,4.58664,3.960008,3.529963,4.213412,3.908685,3.585821,4.374394,3.213817,3.952681,3.129283]

}